Date,County,COV_S_bed,COV_S_ICU,COV_C_bed,COV_C_ICU,COV_Vent,Use_vent,Avail_ICU,Avail_Vent
5/1/2020,Austin,0,0,0,0,0,0,0,2
5/1/2020,Brazoria,6,0,4,0,1,2,15,42
5/1/2020,Chambers,1,0,0,0,0,0,0,2
5/1/2020,Fort Bend,14,3,15,9,11,34,48,83
5/1/2020,Galveston,3,1,52,16,9,28,23,88
5/1/2020,Harris,184,49,208,172,119,400,312,905
5/1/2020,Liberty,1,0,0,0,0,0,0,3
5/1/2020,Montgomery,15,5,14,6,4,46,36,73
5/2/2020,Austin,0,0,0,0,0,0,0,2
5/2/2020,Brazoria,4,2,3,0,0,3,15,42
5/2/2020,Chambers,0,0,0,0,0,0,0,2
5/2/2020,Fort Bend,4,1,8,5,5,28,47,60
5/2/2020,Galveston,3,1,47,15,9,33,21,88
5/2/2020,Harris,143,43,162,131,76,430,301,791
5/2/2020,Liberty,0,0,0,0,0,0,0,3
5/2/2020,Montgomery,1,3,9,5,4,45,45,87
5/3/2020,Austin,0,0,0,0,0,0,0,2
5/3/2020,Brazoria,6,2,4,0,0,3,15,42
5/3/2020,Chambers,0,0,0,0,0,2,0,0
5/3/2020,Fort Bend,5,5,13,13,10,32,48,72
5/3/2020,Galveston,3,1,53,12,8,28,12,89
5/3/2020,Harris,165,61,205,168,105,431,268,811
5/3/2020,Liberty,0,0,0,0,0,0,0,3
5/3/2020,Montgomery,7,3,5,9,5,43,54,87
5/4/2020,Austin,1,0,0,0,0,0,0,2
5/4/2020,Brazoria,10,1,6,0,0,6,2,30
5/4/2020,Chambers,0,0,0,0,0,0,0,2
5/4/2020,Fort Bend,15,2,15,15,8,36,40,82
5/4/2020,Galveston,3,1,70,18,11,9,6,62
5/4/2020,Harris,143,52,290,169,112,438,296,1099
5/4/2020,Liberty,0,0,0,0,0,0,0,3
5/4/2020,Montgomery,11,6,3,11,7,50,46,50
5/5/2020,Austin,1,0,0,0,0,0,0,2
5/5/2020,Brazoria,12,0,4,0,0,6,4,40
5/5/2020,Chambers,0,0,0,0,0,0,0,2
5/5/2020,Fort Bend,11,2,13,15,12,38,41,79
5/5/2020,Galveston,13,3,67,21,13,31,19,63
5/5/2020,Harris,189,49,211,171,102,388,225,817
5/5/2020,Liberty,0,0,0,0,0,0,0,3
5/5/2020,Montgomery,14,11,4,11,7,52,33,69
5/6/2020,Austin,0,0,0,0,0,0,0,2
5/6/2020,Brazoria,4,2,5,0,0,11,11,36
5/6/2020,Chambers,1,0,0,0,0,0,0,2
5/6/2020,Fort Bend,11,0,11,17,11,43,26,49
5/6/2020,Galveston,12,0,14,10,6,25,21,69
5/6/2020,Harris,164,42,226,169,122,425,265,827
5/6/2020,Liberty,0,0,0,0,0,0,0,3
5/6/2020,Montgomery,16,4,3,11,6,48,39,83
5/7/2020,Austin,,,,,,0,0,2
5/7/2020,Brazoria,5,2,3,0,0,5,4,29
5/7/2020,Chambers,0,0,0,0,0,0,0,2
5/7/2020,Fort Bend,7,3,14,14,10,36,40,74
5/7/2020,Galveston,9,0,14,12,7,27,5,67
5/7/2020,Harris,168,45,208,169,86,453,247,863
5/7/2020,Liberty,0,0,0,0,0,0,0,3
5/7/2020,Montgomery,20,3,2,11,5,48,40,81
5/8/2020,Austin,0,0,0,0,0,0,0,2
5/8/2020,Brazoria,3,0,3,1,1,5,9,42
5/8/2020,Chambers,1,0,0,0,0,0,0,2
5/8/2020,Fort Bend,10,1,14,13,10,38,43,81
5/8/2020,Galveston,3,1,19,10,28,11,42,42
5/8/2020,Harris,151,50,229,163,93,465,258,867
5/8/2020,Liberty,0,0,0,0,0,0,0,3
5/8/2020,Montgomery,25,4,8,7,4,58,34,73
5/9/2020,Austin,0,0,0,0,0,0,0,2
5/9/2020,Brazoria,1,1,2,1,0,11,8,33
5/9/2020,Chambers,1,0,0,0,0,0,0,2
5/9/2020,Fort Bend,6,3,14,13,11,41,52,67
5/9/2020,Galveston,6,1,15,8,5,5,26,20
5/9/2020,Harris,181,74,230,154,88,390,279,821
5/9/2020,Liberty,0,0,0,0,0,0,0,3
5/9/2020,Montgomery,23,2,8,8,3,45,34,76
5/10/2020,Austin,0,0,0,0,0,0,0,2
5/10/2020,Brazoria,1,3,2,1,0,6,4,29
5/10/2020,Chambers,0,0,0,0,0,0,0,2
5/10/2020,Fort Bend,15,1,20,11,10,63,56,44
5/10/2020,Galveston,5,1,1,3,0,57,2,74
5/10/2020,Harris,137,46,196,148,100,370,273,837
5/10/2020,Liberty,0,0,0,0,0,0,0,3
5/10/2020,Montgomery,14,4,9,6,3,44,41,76
5/11/2020,Austin,0,0,0,0,0,0,0,2
5/11/2020,Brazoria,6,1,1,1,0,6,1,40
5/11/2020,Chambers,0,0,0,0,0,0,0,2
5/11/2020,Fort Bend,5,3,19,11,9,39,46,86
5/11/2020,Galveston,4,1,11,9,5,25,21,66
5/11/2020,Harris,144,56,201,168,105,435,298,874
5/11/2020,Liberty,0,0,0,0,0,0,0,3
5/11/2020,Montgomery,7,0,11,6,3,49,45,79
5/12/2020,Austin,0,0,0,0,0,0,0,2
5/12/2020,Brazoria,7,0,4,0,0,4,5,44
5/12/2020,Chambers,1,0,0,0,0,0,0,2
5/12/2020,Fort Bend,8,1,18,7,7,41,48,90
5/12/2020,Galveston,7,1,14,9,5,27,20,64
5/12/2020,Harris,165,48,218,161,100,467,233,815
5/12/2020,Liberty,0,0,0,0,0,0,0,3
5/12/2020,Montgomery,11,2,13,7,3,37,36,75
5/13/2020,Austin,0,0,0,0,0,0,0,2
5/13/2020,Brazoria,5,0,7,0,0,3,7,43
5/13/2020,Chambers,0,0,0,0,0,0,0,2
5/13/2020,Fort Bend,10,3,15,8,8,36,44,81
5/13/2020,Galveston,1,7,12,5,5,39,27,48
5/13/2020,Harris,140,58,192,171,98,477,201,800
5/13/2020,Liberty,0,0,0,0,0,0,0,3
5/13/2020,Montgomery,18,6,11,3,3,39,27,68
5/14/2020,Austin,0,0,0,0,0,0,0,2
5/14/2020,Brazoria,4,1,4,2,0,6,12,37
5/14/2020,Chambers,0,0,0,0,0,0,0,2
5/14/2020,Fort Bend,5,1,15,8,8,32,28,46
5/14/2020,Galveston,17,11,13,12,7,30,6,81
5/14/2020,Harris,163,39,197,157,93,461,234,812
5/14/2020,Liberty,1,0,0,0,0,0,0,3
5/14/2020,Montgomery,22,4,7,6,3,48,42,83
5/15/2020,Austin,0,0,0,0,0,0,0,2
5/15/2020,Brazoria,5,1,6,4,0,6,6,39
5/15/2020,Chambers,1,0,0,0,0,0,0,2
5/15/2020,Fort Bend,12,2,14,9,7,37,54,80
5/15/2020,Galveston,2,2,62,25,19,32,23,65
5/15/2020,Harris,214,45,209,154,79,429,272,818
5/15/2020,Liberty,1,0,0,0,0,0,0,3
5/15/2020,Montgomery,17,5,10,6,2,48,41,79
5/16/2020,Brazoria,9,1,6,2,2,6,5,39
5/16/2020,Chambers,0,0,0,0,0,0,0,0
5/16/2020,Fort Bend,6,1,13,7,5,33,55,70
5/16/2020,Galveston,6,2,55,25,16,29,11,62
5/16/2020,Harris,126,41,182,155,82,480,248,782
5/16/2020,Liberty,0,0,0,0,0,0,0,3
5/16/2020,Montgomery,4,2,9,6,1,47,39,78
5/17/2020,Brazoria,9,2,5,4,0,32,5,1
5/17/2020,Chambers,0,0,0,0,0,2,0,0
5/17/2020,Fort Bend,8,1,13,7,6,19,59,60
5/17/2020,Galveston,8,2,59,28,18,47,2,0
5/17/2020,Harris,116,41,188,163,87,442,321,737
5/17/2020,Liberty,0,0,0,0,0,3,0,0
5/17/2020,Montgomery,4,2,7,6,1,42,41,88
5/18/2020,Brazoria,6,1,7,4,2,8,5,34
5/18/2020,Chambers,0,0,0,0,0,0,0,2
5/18/2020,Fort Bend,5,5,12,6,5,24,47,74
5/18/2020,Galveston,6,3,59,29,17,33,19,43
5/18/2020,Harris,127,55,207,177,84,471,190,700
5/18/2020,Liberty,0,0,0,0,0,0,0,3
5/18/2020,Montgomery,7,0,12,5,2,43,45,68
5/19/2020,Austin,,,,,,0,0,2
5/19/2020,Brazoria,9,3,7,5,4,9,2,36
5/19/2020,Chambers,0,0,0,0,0,0,0,2
5/19/2020,Fort Bend,7,7,13,8,3,26,43,89
5/19/2020,Galveston,12,1,52,29,18,34,17,44
5/19/2020,Harris,164,60,218,176,108,426,198,829
5/19/2020,Liberty,0,0,0,0,0,0,0,3
5/19/2020,Montgomery,25,3,11,6,3,39,25,86
5/20/2020,Brazoria,10,3,9,4,1,9,2,45
5/20/2020,Chambers,0,0,0,0,0,0,0,2
5/20/2020,Fort Bend,7,5,11,9,7,26,36,87
5/20/2020,Galveston,16,4,50,29,21,28,2,45
5/20/2020,Harris,170,47,193,207,104,495,215,917
5/20/2020,Liberty,0,0,0,0,0,0,0,3
5/20/2020,Montgomery,22,3,8,6,4,51,23,91
5/21/2020,Austin,0,0,0,0,0,0,0,2
5/21/2020,Brazoria,11,2,10,5,1,10,2,39
5/21/2020,Chambers,0,0,0,0,0,0,0,2
5/21/2020,Fort Bend,9,3,12,8,2,22,37,75
5/21/2020,Galveston,1,1,51,25,19,61,29,84
5/21/2020,Harris,166,63,174,189,120,495,213,773
5/21/2020,Liberty,0,0,0,0,0,0,0,3
5/21/2020,Montgomery,14,6,7,6,3,48,31,74
5/22/2020,Austin,0,0,0,0,0,0,0,2
5/22/2020,Brazoria,0,0,0,0,0,8,3,39
5/22/2020,Chambers,,,,,,0,0,2
5/22/2020,Fort Bend,12,2,16,5,3,31,45,57
5/22/2020,Galveston,,,,,,31,21,60
5/22/2020,Harris,135,59,181,160,94,406,182,708
5/22/2020,Liberty,,,,,,0,0,3
5/22/2020,Montgomery,15,3,9,4,3,36,24,57
5/23/2020,Brazoria,7,0,4,5,2,7,4,39
5/23/2020,Chambers,0,0,0,0,0,0,0,2
5/23/2020,Fort Bend,5,1,12,4,3,30,50,74
5/23/2020,Galveston,12,2,65,19,20,28,8,84
5/23/2020,Harris,134,57,191,178,97,396,199,732
5/23/2020,Liberty,0,0,0,0,0,0,0,3
5/23/2020,Montgomery,12,3,7,5,3,46,19,90
5/24/2020,Austin,0,0,0,0,0,2,0,0
5/24/2020,Brazoria,10,2,5,4,2,42,3,11
5/24/2020,Chambers,0,0,0,0,0,2,0,0
5/24/2020,Fort Bend,10,2,16,6,4,70,50,33
5/24/2020,Galveston,18,4,66,21,18,81,19,22
5/24/2020,Harris,124,37,162,176,97,738,231,456
5/24/2020,Liberty,0,0,0,0,0,3,0,0
5/24/2020,Montgomery,16,5,12,9,3,59,13,42
5/25/2020,Austin,0,0,0,0,0,0,0,2
5/25/2020,Brazoria,4,1,4,4,3,10,7,36
5/25/2020,Chambers,0,0,0,0,0,0,0,2
5/25/2020,Fort Bend,11,1,15,6,4,35,51,71
5/25/2020,Galveston,15,3,52,22,19,34,17,80
5/25/2020,Harris,125,49,186,167,110,439,344,758
5/25/2020,Liberty,0,0,0,0,0,0,0,3
5/25/2020,Montgomery,10,3,11,6,2,41,28,62
5/26/2020,Austin,0,0,0,0,0,0,0,2
5/26/2020,Brazoria,7,1,8,4,4,10,5,35
5/26/2020,Chambers,0,0,0,0,0,0,0,2
5/26/2020,Fort Bend,11,4,16,7,8,35,41,94
5/26/2020,Galveston,8,1,55,25,18,30,22,61
5/26/2020,Harris,121,30,191,169,102,491,187,797
5/26/2020,Liberty,0,0,0,0,0,1,0,3
5/26/2020,Montgomery,7,4,13,6,3,38,28,55
5/27/2020,Brazoria,5,1,3,0,0,11,2,34
5/27/2020,Chambers,0,0,0,0,0,0,0,2
5/27/2020,Fort Bend,15,3,36,12,13,36,26,110
5/27/2020,Galveston,4,11,49,18,19,34,2,44
5/27/2020,Harris,117,43,164,176,106,454,171,807
5/27/2020,Liberty,1,0,0,0,0,0,0,3
5/27/2020,Montgomery,20,3,13,6,3,48,11,80
5/28/2020,Brazoria,11,2,4,5,5,10,3,36
5/28/2020,Chambers,0,0,0,0,0,0,0,2
5/28/2020,Fort Bend,12,1,15,10,7,35,42,62
5/28/2020,Galveston,8,1,56,23,20,36,6,36
5/28/2020,Harris,127,57,190,193,119,403,192,734
5/28/2020,Liberty,0,0,0,0,0,0,0,3
5/28/2020,Montgomery,12,0,14,5,1,45,27,83
5/29/2020,Austin,0,0,0,0,0,0,0,2
5/29/2020,Brazoria,6,0,5,5,3,8,2,38
5/29/2020,Chambers,0,0,0,0,0,0,0,2
5/29/2020,Fort Bend,6,2,17,10,8,36,32,89
5/29/2020,Galveston,15,3,46,24,20,30,3,37
5/29/2020,Harris,130,47,227,167,111,347,151,636
5/29/2020,Liberty,0,0,0,0,0,0,0,3
5/29/2020,Montgomery,11,2,12,4,1,32,33,71
5/30/2020,Brazoria,16,1,3,5,3,7,4,38
5/30/2020,Chambers,0,0,0,0,0,0,0,2
5/30/2020,Fort Bend,19,2,23,10,6,22,38,65
5/30/2020,Galveston,8,2,38,28,17,36,2,54
5/30/2020,Harris,76,33,209,183,133,477,165,764
5/30/2020,Liberty,0,0,0,0,0,0,0,3
5/30/2020,Montgomery,5,0,12,5,1,37,30,71
5/31/2020,Austin,0,0,0,0,0,0,0,2
5/31/2020,Brazoria,18,2,8,4,3,6,9,38
5/31/2020,Chambers,0,0,0,0,0,0,0,2
5/31/2020,Fort Bend,10,3,24,15,5,33,35,84
5/31/2020,Galveston,8,0,46,28,18,32,6,35
5/31/2020,Harris,104,37,224,177,121,476,174,642
5/31/2020,Liberty,0,0,0,0,0,0,0,3
5/31/2020,Montgomery,8,3,13,4,2,36,20,72
6/1/2020,Austin,0,0,0,0,0,0,0,2
6/1/2020,Brazoria,10,2,2,6,3,8,6,35
6/1/2020,Chambers,0,0,0,0,0,0,0,2
6/1/2020,Fort Bend,12,4,23,15,6,31,34,84
6/1/2020,Galveston,37,6,42,30,20,40,0,51
6/1/2020,Harris,142,43,234,206,108,398,194,686
6/1/2020,Liberty,0,0,0,0,0,0,0,3
6/1/2020,Montgomery,5,0,13,5,0,38,25,66
6/2/2020,Austin,0,0,0,0,0,0,0,2
6/2/2020,Brazoria,5,0,4,8,4,13,2,35
6/2/2020,Chambers,0,0,0,0,0,0,0,2
6/2/2020,Fort Bend,12,4,26,17,5,31,49,53
6/2/2020,Galveston,43,4,40,33,22,11,10,26
6/2/2020,Harris,142,54,253,196,124,503,183,791
6/2/2020,Liberty,0,0,0,0,0,0,0,3
6/2/2020,Montgomery,9,2,9,5,0,37,16,66
6/3/2020,Brazoria,14,1,5,6,4,10,3,34
6/3/2020,Chambers,0,0,0,0,0,0,0,2
6/3/2020,Fort Bend,15,3,26,19,4,34,34,89
6/3/2020,Galveston,52,3,37,19,15,21,0,21
6/3/2020,Harris,153,48,250,196,108,481,125,694
6/3/2020,Liberty,0,0,0,0,0,0,0,3
6/3/2020,Montgomery,13,2,13,7,3,43,17,57
6/4/2020,Austin,,,,,,0,0,2
6/4/2020,Brazoria,6,2,9,4,4,10,0,36
6/4/2020,Chambers,0,0,0,0,0,0,0,2
6/4/2020,Fort Bend,9,1,29,11,6,34,44,81
6/4/2020,Galveston,43,5,48,31,22,33,3,34
6/4/2020,Harris,144,44,267,215,116,526,158,754
6/4/2020,Liberty,0,0,0,0,0,0,0,3
6/4/2020,Montgomery,5,3,15,8,3,30,24,75
6/5/2020,Austin,0,0,0,0,0,0,0,2
6/5/2020,Brazoria,4,1,8,5,5,12,2,31
6/5/2020,Chambers,0,0,0,0,0,0,0,2
6/5/2020,Fort Bend,12,1,27,23,7,33,44,82
6/5/2020,Galveston,2,0,54,30,22,40,7,43
6/5/2020,Harris,133,40,248,189,94,507,167,771
6/5/2020,Liberty,2,0,0,0,0,0,0,3
6/5/2020,Montgomery,5,1,14,7,1,28,25,77
6/6/2020,Austin,0,0,0,0,0,0,0,2
6/6/2020,Brazoria,8,1,5,6,3,14,3,28
6/6/2020,Chambers,0,0,0,0,0,0,0,2
6/6/2020,Fort Bend,10,1,22,11,6,34,39,73
6/6/2020,Galveston,5,0,37,49,61,44,11,71
6/6/2020,Harris,170,35,290,205,116,452,181,770
6/6/2020,Liberty,1,0,1,0,0,0,0,3
6/6/2020,Montgomery,5,3,10,8,4,29,25,74
6/7/2020,Austin,0,0,0,0,0,0,0,2
6/7/2020,Brazoria,1,1,9,4,4,17,1,28
6/7/2020,Chambers,0,0,0,0,0,0,0,2
6/7/2020,Fort Bend,10,1,29,13,7,30,41,66
6/7/2020,Galveston,9,3,51,31,18,44,8,73
6/7/2020,Harris,122,23,321,212,112,468,178,816
6/7/2020,Liberty,0,0,1,0,0,0,0,3
6/7/2020,Montgomery,5,1,14,11,5,28,41,79
6/8/2020,Austin,0,0,0,0,0,0,0,2
6/8/2020,Brazoria,3,2,24,9,4,15,2,26
6/8/2020,Chambers,0,0,0,0,0,0,0,2
6/8/2020,Fort Bend,8,2,24,12,8,32,46,82
6/8/2020,Galveston,1,2,56,30,19,41,4,75
6/8/2020,Harris,150,24,326,212,136,505,175,786
6/8/2020,Liberty,,,,,,0,0,3
6/8/2020,Montgomery,6,0,21,12,5,30,33,79
6/9/2020,Brazoria,6,0,12,6,4,8,1,24
6/9/2020,Chambers,1,0,0,0,0,0,0,2
6/9/2020,Fort Bend,15,5,35,12,7,26,41,88
6/9/2020,Galveston,7,2,55,36,22,46,0,70
6/9/2020,Harris,142,34,355,238,104,503,134,764
6/9/2020,Liberty,0,0,1,0,0,0,0,3
6/9/2020,Montgomery,5,3,24,10,5,27,24,81
6/10/2020,Austin,0,0,0,0,0,0,0,2
6/10/2020,Brazoria,7,1,11,8,5,12,1,28
6/10/2020,Chambers,0,0,0,0,0,0,0,2
6/10/2020,Fort Bend,17,4,32,9,5,28,40,87
6/10/2020,Galveston,5,7,43,34,11,42,5,34
6/10/2020,Harris,147,30,352,212,121,481,176,735
6/10/2020,Liberty,0,0,1,0,0,0,0,3
6/10/2020,Montgomery,8,2,23,8,6,38,25,95
6/11/2020,Austin,0,0,0,0,0,0,0,2
6/11/2020,Brazoria,4,0,11,7,6,11,1,30
6/11/2020,Chambers,0,0,0,0,0,0,0,2
6/11/2020,Fort Bend,26,3,35,10,5,29,36,86
6/11/2020,Galveston,3,0,47,37,23,40,6,49
6/11/2020,Harris,157,44,364,210,111,510,162,743
6/11/2020,Liberty,0,0,0,0,0,0,0,3
6/11/2020,Montgomery,11,4,23,8,6,37,20,85
6/12/2020,Austin,1,0,0,0,0,0,0,2
6/12/2020,Brazoria,6,1,7,7,4,0,0,1
6/12/2020,Chambers,0,0,1,0,0,,,
6/12/2020,Fort Bend,19,1,33,10,4,29,46,85
6/12/2020,Galveston,5,2,57,35,22,,,
6/12/2020,Harris,166,33,382,215,128,512,153,777
6/12/2020,Liberty,0,0,0,0,0,,,
6/12/2020,Montgomery,4,1,22,9,5,29,23,80
6/13/2020,Austin,0,0,1,0,0,0,0,2
6/13/2020,Brazoria,4,1,8,7,5,8,1,36
6/13/2020,Chambers,0,0,1,0,0,0,0,2
6/13/2020,Fort Bend,15,3,29,9,4,28,46,82
6/13/2020,Galveston,7,4,52,42,22,36,8,52
6/13/2020,Harris,194,28,403,204,132,483,168,749
6/13/2020,Liberty,0,0,0,0,0,0,0,3
6/13/2020,Montgomery,5,1,25,11,5,31,29,72
6/14/2020,Brazoria,7,1,12,5,5,8,2,32
6/14/2020,Chambers,0,0,0,0,0,0,0,2
6/14/2020,Fort Bend,13,4,39,12,6,34,57,73
6/14/2020,Galveston,6,1,57,42,22,37,6,77
6/14/2020,Harris,220,32,401,242,129,467,140,742
6/14/2020,Liberty,0,0,0,0,0,0,0,3
6/14/2020,Montgomery,6,3,23,12,4,26,41,77
6/15/2020,Austin,0,0,0,0,0,0,0,2
6/15/2020,Brazoria,7,0,15,5,3,8,2,33
6/15/2020,Chambers,1,0,0,0,0,0,0,2
6/15/2020,Fort Bend,13,0,43,12,5,36,39,82
6/15/2020,Galveston,7,1,69,31,20,33,13,82
6/15/2020,Harris,167,40,465,221,116,502,169,796
6/15/2020,Liberty,0,0,0,0,0,0,0,3
6/15/2020,Montgomery,7,1,30,11,17,52,34,76
6/16/2020,Brazoria,3,3,11,3,2,7,3,34
6/16/2020,Chambers,0,0,0,0,0,0,0,2
6/16/2020,Fort Bend,30,3,52,14,4,34,37,82
6/16/2020,Galveston,11,2,85,30,21,35,0,81
6/16/2020,Harris,205,30,488,285,141,527,140,764
6/16/2020,Liberty,0,0,0,0,0,0,0,3
6/16/2020,Montgomery,15,2,33,11,4,51,28,85
6/17/2020,Austin,0,0,0,0,0,,,
6/17/2020,Brazoria,5,3,9,4,2,6,5,31
6/17/2020,Chambers,0,0,0,0,0,0,0,2
6/17/2020,Fort Bend,8,2,60,13,7,33,27,84
6/17/2020,Galveston,14,3,76,27,19,28,0,67
6/17/2020,Harris,239,42,512,292,149,565,117,801
6/17/2020,Liberty,1,0,0,0,0,0,0,3
6/17/2020,Montgomery,16,1,43,12,5,46,29,90
6/18/2020,Austin,0,0,0,0,0,0,0,2
6/18/2020,Brazoria,11,0,10,4,2,7,6,34
6/18/2020,Chambers,0,0,0,0,0,0,0,2
6/18/2020,Fort Bend,41,5,63,17,6,36,32,70
6/18/2020,Galveston,14,3,76,31,19,38,9,48
6/18/2020,Harris,255,39,543,345,174,554,129,839
6/18/2020,Liberty,2,0,0,0,0,0,0,3
6/18/2020,Montgomery,21,4,41,16,5,47,26,74
6/19/2020,Brazoria,8,2,11,5,2,6,2,36
6/19/2020,Chambers,0,0,0,0,0,0,0,2
6/19/2020,Fort Bend,39,2,55,18,9,30,37,72
6/19/2020,Galveston,1,0,48,42,20,41,16,48
6/19/2020,Harris,253,47,578,310,174,549,155,860
6/19/2020,Liberty,0,0,0,0,0,0,0,3
6/19/2020,Montgomery,19,2,38,18,6,39,34,83
6/20/2020,Austin,0,0,0,0,0,0,0,2
6/20/2020,Brazoria,10,2,15,6,3,3,1,29
6/20/2020,Chambers,0,0,0,0,0,0,0,2
6/20/2020,Fort Bend,50,7,63,22,11,45,38,68
6/20/2020,Galveston,8,2,95,38,18,40,9,49
6/20/2020,Harris,272,34,577,327,193,555,145,821
6/20/2020,Liberty,0,0,0,0,0,0,0,3
6/20/2020,Montgomery,20,2,42,23,10,46,24,90
6/21/2020,Austin,0,0,0,0,0,0,0,2
6/21/2020,Brazoria,5,16,15,6,5,7,4,37
6/21/2020,Chambers,0,0,0,0,0,0,0,2
6/21/2020,Fort Bend,28,5,72,24,14,36,37,70
6/21/2020,Galveston,4,1,79,19,19,37,8,52
6/21/2020,Harris,198,31,653,339,198,492,137,732
6/21/2020,Liberty,0,0,0,0,0,0,0,3
6/21/2020,Montgomery,20,2,56,25,10,49,18,78
6/22/2020,Brazoria,7,1,19,7,2,9,5,34
6/22/2020,Chambers,0,0,0,0,0,0,1,2
6/22/2020,Fort Bend,36,2,82,25,14,38,29,81
6/22/2020,Galveston,8,0,84,32,18,39,3,50
6/22/2020,Harris,205,26,758,356,205,587,132,831
6/22/2020,Liberty,0,0,0,0,0,0,0,3
6/22/2020,Montgomery,16,5,64,26,13,33,14,52
6/23/2020,Brazoria,9,2,23,9,1,1,4,27
6/23/2020,Chambers,0,0,0,0,0,0,0,2
6/23/2020,Fort Bend,30,5,79,27,14,37,26,77
6/23/2020,Galveston,19,1,102,30,18,47,1,76
6/23/2020,Harris,318,40,808,401,264,586,125,815
6/23/2020,Liberty,1,0,0,0,0,0,0,3
6/23/2020,Montgomery,16,2,74,24,13,44,16,71
6/24/2020,Austin,1,0,1,0,0,0,0,2
6/24/2020,Brazoria,11,1,28,7,4,8,0,35
6/24/2020,Chambers,0,0,0,0,0,0,0,2
6/24/2020,Fort Bend,47,8,77,31,17,33,29,87
6/24/2020,Galveston,10,2,102,34,18,41,1,82
6/24/2020,Harris,296,66,849,419,225,541,105,777
6/24/2020,Liberty,2,0,0,0,0,0,0,3
6/24/2020,Montgomery,26,1,84,22,16,50,16,71
6/25/2020,Austin,1,0,1,0,0,0,0,2
6/25/2020,Brazoria,17,3,46,9,4,4,0,30
6/25/2020,Chambers,0,0,0,0,0,0,0,2
6/25/2020,Fort Bend,57,4,96,38,19,35,27,81
6/25/2020,Galveston,8,1,112,28,19,40,6,81
6/25/2020,Harris,328,47,906,432,234,659,109,793
6/25/2020,Liberty,1,0,0,0,0,0,0,3
6/25/2020,Montgomery,13,5,90,26,18,53,14,72
6/26/2020,Austin,0,0,0,0,0,0,0,2
6/26/2020,Brazoria,10,4,46,10,4,9,2,31
6/26/2020,Chambers,0,0,0,0,0,0,0,2
6/26/2020,Fort Bend,49,5,95,38,23,41,25,81
6/26/2020,Galveston,9,2,121,35,19,37,8,52
6/26/2020,Harris,325,31,929,466,238,615,127,817
6/26/2020,Liberty,0,0,0,0,0,0,0,3
6/26/2020,Montgomery,25,11,100,31,19,57,23,71
6/27/2020,Brazoria,7,1,42,15,6,10,5,28
6/27/2020,Chambers,0,0,0,0,0,0,0,2
6/27/2020,Fort Bend,56,7,96,43,26,45,25,77
6/27/2020,Galveston,15,1,104,47,18,39,0,47
6/27/2020,Harris,321,48,1001,472,254,577,89,749
6/27/2020,Liberty,0,0,0,0,0,0,0,3
6/27/2020,Montgomery,32,3,94,38,19,53,18,68
6/28/2020,Austin,0,0,0,0,0,0,0,2
6/28/2020,Brazoria,24,5,37,15,6,9,4,28
6/28/2020,Chambers,1,0,0,0,0,0,0,2
6/28/2020,Fort Bend,54,8,91,47,28,39,27,81
6/28/2020,Galveston,12,6,111,52,19,41,0,78
6/28/2020,Harris,318,88,1048,494,264,587,82,794
6/28/2020,Liberty,0,0,0,0,0,0,0,3
6/28/2020,Montgomery,26,4,80,42,22,56,23,74
6/29/2020,Austin,0,0,0,0,0,0,0,2
6/29/2020,Brazoria,20,6,50,12,6,11,1,31
6/29/2020,Chambers,0,0,0,0,0,0,0,2
6/29/2020,Fort Bend,40,9,96,47,25,43,27,78
6/29/2020,Galveston,9,2,127,30,17,39,1,82
6/29/2020,Harris,310,43,1254,497,276,638,105,744
6/29/2020,Liberty,0,0,0,0,0,0,0,3
6/29/2020,Montgomery,22,4,93,44,26,52,21,73
6/30/2020,Austin,0,0,0,0,0,0,0,2
6/30/2020,Brazoria,7,1,50,12,7,9,1,30
6/30/2020,Chambers,1,0,0,0,0,0,0,2
6/30/2020,Fort Bend,45,3,94,40,25,39,27,74
6/30/2020,Galveston,22,3,130,36,20,43,1,79
6/30/2020,Harris,370,42,1264,522,296,631,92,711
6/30/2020,Liberty,0,0,0,0,0,0,0,3
6/30/2020,Montgomery,27,8,120,49,29,59,14,68
7/1/2020,Austin,0,0,0,0,0,0,0,2
7/1/2020,Brazoria,5,1,39,14,8,13,2,25
7/1/2020,Chambers,0,0,0,0,0,0,0,0
7/1/2020,Fort Bend,77,8,106,43,24,42,26,78
7/1/2020,Galveston,2,0,88,27,15,32,8,35
7/1/2020,Harris,335,43,1254,537,297,666,57,730
7/1/2020,Liberty,0,0,0,0,0,0,0,3
7/1/2020,Montgomery,17,9,137,50,34,57,12,75
7/2/2020,Brazoria,5,2,29,13,10,12,2,25
7/2/2020,Chambers,0,0,0,0,0,0,0,0
7/2/2020,Fort Bend,98,8,113,47,29,43,29,76
7/2/2020,Galveston,17,0,138,35,22,41,24,48
7/2/2020,Harris,367,55,1276,541,324,667,57,641
7/2/2020,Liberty,0,0,0,0,0,0,0,3
7/2/2020,Montgomery,40,6,138,51,36,57,15,67
7/3/2020,Austin,0,0,0,0,0,0,0,2
7/3/2020,Brazoria,11,0,35,11,10,15,1,20
7/3/2020,Chambers,0,0,0,0,0,0,0,0
7/3/2020,Fort Bend,75,6,119,40,21,38,43,80
7/3/2020,Galveston,5,0,116,34,22,44,4,45
7/3/2020,Harris,300,45,1275,546,331,628,79,647
7/3/2020,Liberty,2,0,0,0,0,0,0,3
7/3/2020,Montgomery,55,6,144,47,39,60,22,65
7/4/2020,Austin,0,0,0,0,0,0,0,2
7/4/2020,Brazoria,14,5,38,17,8,15,2,26
7/4/2020,Chambers,0,0,0,0,0,0,0,0
7/4/2020,Fort Bend,73,12,129,48,21,46,41,78
7/4/2020,Galveston,15,2,126,46,19,41,3,48
7/4/2020,Harris,303,45,1400,622,358,680,44,671
7/4/2020,Liberty,0,0,2,0,0,0,0,3
7/4/2020,Montgomery,33,2,138,49,36,53,23,68
7/5/2020,Austin,0,0,0,0,0,0,0,2
7/5/2020,Brazoria,15,9,40,17,8,8,4,22
7/5/2020,Chambers,0,0,0,0,0,0,0,0
7/5/2020,Fort Bend,48,7,151,48,21,44,15,77
7/5/2020,Galveston,9,2,145,44,21,41,0,45
7/5/2020,Harris,262,38,1525,637,412,704,66,631
7/5/2020,Liberty,0,0,3,0,0,0,0,3
7/5/2020,Montgomery,29,3,153,52,36,56,22,70
7/6/2020,Austin,0,0,0,0,0,0,0,2
7/6/2020,Brazoria,13,2,57,15,9,13,2,27
7/6/2020,Chambers,0,0,0,0,0,0,0,0
7/6/2020,Fort Bend,52,1,165,48,21,40,29,82
7/6/2020,Galveston,3,3,111,26,13,2,0,65
7/6/2020,Harris,218,47,1577,648,395,661,35,670
7/6/2020,Liberty,0,0,2,0,0,0,0,3
7/6/2020,Montgomery,24,4,160,56,31,55,19,73
7/7/2020,Austin,1,0,0,0,0,0,0,2
7/7/2020,Brazoria,10,0,59,27,8,16,1,23
7/7/2020,Chambers,0,0,0,0,0,0,0,1
7/7/2020,Fort Bend,59,11,131,34,22,39,28,93
7/7/2020,Galveston,72,2,158,41,19,42,0,78
7/7/2020,Harris,364,51,1614,659,407,774,35,654
7/7/2020,Liberty,0,0,2,0,0,0,0,3
7/7/2020,Montgomery,41,43,161,53,32,59,16,65
7/8/2020,Brazoria,13,0,49,25,10,12,0,24
7/8/2020,Chambers,0,0,1,0,0,0,0,1
7/8/2020,Fort Bend,56,10,166,45,29,39,23,80
7/8/2020,Galveston,4,0,82,43,24,46,0,75
7/8/2020,Harris,367,53,1541,655,424,694,46,586
7/8/2020,Liberty,0,0,2,0,0,0,0,3
7/8/2020,Montgomery,39,7,173,54,27,52,15,82
7/9/2020,Austin,0,0,0,0,0,0,0,2
7/9/2020,Brazoria,11,0,65,18,11,16,0,23
7/9/2020,Chambers,2,0,1,0,0,0,0,1
7/9/2020,Fort Bend,55,4,158,48,29,44,11,77
7/9/2020,Galveston,18,1,154,41,24,41,1,80
7/9/2020,Harris,337,55,1615,722,441,736,46,665
7/9/2020,Liberty,1,0,2,0,0,0,0,3
7/9/2020,Montgomery,35,5,170,51,27,60,14,77
7/10/2020,Austin,0,0,0,0,0,0,0,2
7/10/2020,Brazoria,9,1,64,16,10,16,1,22
7/10/2020,Chambers,0,0,1,0,0,0,0,1
7/10/2020,Fort Bend,69,6,154,51,27,47,10,66
7/10/2020,Galveston,19,3,145,52,30,44,3,44
7/10/2020,Harris,358,53,1651,713,440,658,30,548
7/10/2020,Liberty,1,0,2,0,0,0,0,3
7/10/2020,Montgomery,33,13,167,53,32,55,13,79
7/11/2020,Austin,0,0,0,0,0,0,0,2
7/11/2020,Brazoria,15,3,59,21,14,18,0,22
7/11/2020,Chambers,1,0,1,0,0,0,0,3
7/11/2020,Fort Bend,53,5,146,53,33,44,11,84
7/11/2020,Galveston,15,0,145,46,30,48,19,40
7/11/2020,Harris,335,36,1622,689,458,757,34,609
7/11/2020,Liberty,0,0,2,0,0,0,0,3
7/11/2020,Montgomery,27,3,192,52,29,47,15,83
7/12/2020,Brazoria,5,3,73,20,15,18,0,20
7/12/2020,Chambers,2,0,1,0,0,0,0,3
7/12/2020,Fort Bend,45,6,150,60,40,44,8,74
7/12/2020,Galveston,12,4,146,51,32,47,1,82
7/12/2020,Harris,294,29,1636,731,453,737,30,583
7/12/2020,Liberty,0,0,2,0,0,0,0,3
7/12/2020,Montgomery,22,8,132,42,23,36,13,59
7/13/2020,Austin,0,0,0,0,0,0,0,2
7/13/2020,Brazoria,14,2,63,14,37,18,0,24
7/13/2020,Chambers,1,0,2,0,0,0,0,3
7/13/2020,Fort Bend,49,9,150,55,40,54,9,70
7/13/2020,Galveston,5,3,135,51,35,53,0,79
7/13/2020,Harris,246,43,1698,709,461,743,42,641
7/13/2020,Liberty,0,0,2,0,0,0,0,3
7/13/2020,Montgomery,29,4,187,58,31,50,21,83
7/14/2020,Austin,0,0,0,0,0,0,0,2
7/14/2020,Brazoria,9,0,59,17,11,21,0,19
7/14/2020,Chambers,0,0,2,0,0,0,0,3
7/14/2020,Fort Bend,47,5,157,61,44,59,6,63
7/14/2020,Galveston,19,4,139,56,34,57,0,31
7/14/2020,Harris,370,23,1670,676,447,791,28,660
7/14/2020,Liberty,0,0,2,0,0,0,0,3
7/14/2020,Montgomery,35,10,184,62,34,63,10,72
7/15/2020,Austin,3,0,1,0,0,0,0,2
7/15/2020,Brazoria,16,0,56,17,10,13,0,26
7/15/2020,Chambers,0,0,2,0,0,0,0,3
7/15/2020,Fort Bend,59,4,147,59,47,64,3,60
7/15/2020,Galveston,4,1,140,55,35,55,2,33
7/15/2020,Harris,404,59,1630,690,446,757,23,631
7/15/2020,Liberty,2,0,2,0,0,0,0,3
7/15/2020,Montgomery,42,6,168,64,32,62,11,67
7/16/2020,Austin,0,0,1,0,0,0,0,2
7/16/2020,Brazoria,16,1,59,15,9,7,0,22
7/16/2020,Chambers,0,0,0,0,0,0,0,3
7/16/2020,Fort Bend,67,5,131,68,47,66,5,65
7/16/2020,Galveston,18,7,151,59,32,48,0,71
7/16/2020,Harris,312,36,1566,690,455,717,27,623
7/16/2020,Liberty,0,0,0,2,0,0,0,3
7/16/2020,Montgomery,33,3,168,65,32,52,8,82
7/17/2020,Austin,0,0,2,0,0,0,0,2
7/17/2020,Brazoria,6,0,59,14,9,19,3,29
7/17/2020,Chambers,1,0,1,0,0,0,0,3
7/17/2020,Fort Bend,43,5,126,66,46,64,15,63
7/17/2020,Galveston,6,0,141,60,38,50,1,71
7/17/2020,Harris,294,37,1609,698,506,753,37,675
7/17/2020,Liberty,0,0,2,0,1,,,
7/17/2020,Montgomery,29,5,169,61,30,57,5,71
7/18/2020,Brazoria,13,1,59,15,9,20,2,11
7/18/2020,Chambers,1,0,1,0,0,3,0,0
7/18/2020,Fort Bend,47,5,118,64,44,67,20,63
7/18/2020,Galveston,5,2,117,63,39,32,3,56
7/18/2020,Harris,354,31,1441,810,444,746,36,614
7/18/2020,Liberty,0,0,1,0,0,3,0,0
7/18/2020,Montgomery,33,3,178,63,35,62,12,66
7/19/2020,Austin,0,0,0,0,0,0,0,2
7/19/2020,Brazoria,12,0,53,27,14,22,1,22
7/19/2020,Chambers,0,0,1,0,0,0,0,3
7/19/2020,Fort Bend,61,6,142,67,42,65,17,59
7/19/2020,Galveston,11,5,114,45,38,50,5,37
7/19/2020,Harris,219,26,1538,633,450,572,30,605
7/19/2020,Liberty,0,0,1,0,0,0,0,3
7/19/2020,Montgomery,16,4,147,59,37,66,12,71
7/20/2020,Austin,1,0,0,0,0,0,0,2
7/20/2020,Brazoria,8,1,59,18,14,20,1,24
7/20/2020,Chambers,0,0,1,0,0,0,0,3
7/20/2020,Fort Bend,43,4,154,63,43,69,17,61
7/20/2020,Galveston,2,1,95,56,30,43,0,24
7/20/2020,Harris,272,22,1616,703,452,770,56,691
7/20/2020,Liberty,0,0,1,0,0,0,0,3
7/20/2020,Montgomery,24,6,166,57,38,62,12,64
7/21/2020,Austin,0,0,0,0,0,0,0,2
7/21/2020,Brazoria,7,0,51,23,13,21,0,21
7/21/2020,Chambers,0,0,1,0,0,0,0,3
7/21/2020,Fort Bend,47,7,163,63,40,70,16,63
7/21/2020,Galveston,13,1,148,58,38,57,0,76
7/21/2020,Harris,310,30,1458,690,458,793,38,599
7/21/2020,Liberty,0,0,1,0,0,0,0,3
7/21/2020,Montgomery,35,4,166,60,40,70,14,75
7/22/2020,Austin,2,0,0,0,0,,,
7/22/2020,Brazoria,11,1,52,17,11,20,0,21
7/22/2020,Chambers,0,0,0,0,0,0,0,3
7/22/2020,Fort Bend,50,5,147,63,38,63,8,65
7/22/2020,Galveston,5,1,151,66,38,58,0,76
7/22/2020,Harris,313,33,1371,580,388,820,39,637
7/22/2020,Liberty,0,0,0,0,0,0,0,3
7/22/2020,Montgomery,24,1,140,41,34,58,8,67
7/23/2020,Austin,0,0,0,0,0,0,0,2
7/23/2020,Brazoria,7,2,45,19,10,18,2,23
7/23/2020,Chambers,1,0,2,0,0,0,0,3
7/23/2020,Fort Bend,29,4,148,60,43,58,8,73
7/23/2020,Galveston,11,3,140,62,41,58,1,74
7/23/2020,Harris,246,24,1404,662,474,787,32,663
7/23/2020,Liberty,0,0,0,0,0,0,0,3
7/23/2020,Montgomery,42,6,161,56,40,66,9,73
7/24/2020,Brazoria,8,1,44,20,9,19,0,25
7/24/2020,Chambers,1,0,1,0,0,0,0,3
7/24/2020,Fort Bend,27,4,133,59,41,59,15,78
7/24/2020,Galveston,8,4,140,61,35,54,3,33
7/24/2020,Harris,236,34,1370,653,472,850,45,628
7/24/2020,Liberty,0,0,0,0,0,0,0,3
7/24/2020,Montgomery,37,7,154,56,39,66,10,76
7/25/2020,Austin,1,0,0,0,0,0,0,2
7/25/2020,Brazoria,9,3,38,24,10,13,0,18
7/25/2020,Chambers,0,0,1,0,0,0,0,3
7/25/2020,Fort Bend,35,2,130,57,41,61,17,72
7/25/2020,Galveston,16,3,138,63,37,53,0,36
7/25/2020,Harris,291,25,1283,627,475,788,40,592
7/25/2020,Liberty,0,0,0,0,0,0,0,3
7/25/2020,Montgomery,22,2,132,56,42,63,9,68
7/26/2020,Austin,0,0,1,0,0,0,0,2
7/26/2020,Brazoria,6,1,42,21,8,12,0,25
7/26/2020,Chambers,0,0,1,0,0,0,0,3
7/26/2020,Fort Bend,26,3,126,57,39,59,25,72
7/26/2020,Galveston,7,0,140,59,37,50,2,75
7/26/2020,Harris,190,24,1245,637,568,778,30,570
7/26/2020,Liberty,0,0,0,0,0,0,0,3
7/26/2020,Montgomery,28,1,125,53,41,64,12,76
7/27/2020,Brazoria,11,0,48,19,10,13,0,25
7/27/2020,Chambers,0,0,1,0,0,0,0,3
7/27/2020,Fort Bend,34,4,128,58,41,56,6,76
7/27/2020,Galveston,12,2,152,57,34,48,0,73
7/27/2020,Harris,198,28,1285,637,472,767,37,672
7/27/2020,Liberty,0,0,1,0,0,3,0,0
7/27/2020,Montgomery,32,3,130,55,40,67,12,74
7/28/2020,Austin,0,0,1,0,0,0,0,2
7/28/2020,Brazoria,6,2,36,18,9,17,1,21
7/28/2020,Chambers,3,0,2,0,0,0,0,3
7/28/2020,Fort Bend,53,8,117,55,37,54,4,76
7/28/2020,Galveston,13,2,142,57,38,47,5,74
7/28/2020,Harris,296,37,1255,627,469,792,25,643
7/28/2020,Liberty,0,0,1,0,0,0,0,3
7/28/2020,Montgomery,44,3,133,51,38,72,9,70
7/29/2020,Austin,0,0,1,0,0,0,0,2
7/29/2020,Brazoria,11,1,37,18,10,18,0,23
7/29/2020,Chambers,0,0,1,0,0,0,0,3
7/29/2020,Fort Bend,44,4,108,48,36,57,12,70
7/29/2020,Galveston,6,3,131,56,33,46,3,43
7/29/2020,Harris,281,30,1190,623,458,788,29,601
7/29/2020,Liberty,0,0,1,0,0,0,0,3
7/29/2020,Montgomery,27,2,126,50,42,62,5,66
7/30/2020,Austin,1,0,1,0,0,0,0,2
7/30/2020,Brazoria,8,0,33,15,8,14,1,28
7/30/2020,Chambers,0,0,1,0,0,0,0,3
7/30/2020,Fort Bend,33,6,119,45,35,55,26,70
7/30/2020,Galveston,6,5,143,62,36,51,6,38
7/30/2020,Harris,237,20,1123,641,459,712,36,558
7/30/2020,Liberty,0,0,0,0,0,0,0,3
7/30/2020,Montgomery,24,3,113,50,41,63,3,73
7/31/2020,Austin,,,,,,0,0,2
7/31/2020,Brazoria,6,2,30,18,8,15,1,26
7/31/2020,Chambers,0,0,1,0,0,0,0,3
7/31/2020,Fort Bend,36,1,108,43,30,54,8,80
7/31/2020,Galveston,1,3,98,42,26,53,2,14
7/31/2020,Harris,247,28,1004,603,461,786,42,622
7/31/2020,Liberty,0,0,0,0,0,0,0,3
7/31/2020,Montgomery,19,4,113,47,36,63,6,76
8/1/2020,Austin,0,0,1,0,0,0,0,2
8/1/2020,Brazoria,5,1,23,20,9,15,3,22
8/1/2020,Chambers,1,0,2,0,0,0,0,3
8/1/2020,Fort Bend,21,6,96,34,31,55,11,62
8/1/2020,Galveston,7,1,112,51,29,50,4,39
8/1/2020,Harris,244,26,988,583,460,797,51,619
8/1/2020,Liberty,0,0,0,0,0,0,0,3
8/1/2020,Montgomery,24,9,101,43,36,63,5,71
8/2/2020,Austin,1,0,1,0,0,0,0,2
8/2/2020,Brazoria,11,1,21,29,10,19,1,21
8/2/2020,Chambers,0,0,2,0,0,0,0,3
8/2/2020,Fort Bend,14,3,67,30,28,48,7,49
8/2/2020,Galveston,6,1,123,50,32,50,2,76
8/2/2020,Harris,204,19,995,573,436,778,43,648
8/2/2020,Liberty,0,0,0,0,0,0,0,3
8/2/2020,Montgomery,25,5,105,43,35,67,17,76
8/3/2020,Austin,2,0,1,0,0,0,0,0
8/3/2020,Brazoria,9,1,35,22,10,21,1,20
8/3/2020,Chambers,1,0,2,0,0,0,0,3
8/3/2020,Fort Bend,33,5,101,34,30,56,11,46
8/3/2020,Galveston,7,1,116,47,31,48,4,75
8/3/2020,Harris,171,20,905,610,453,788,26,633
8/3/2020,Liberty,0,0,0,0,0,0,0,3
8/3/2020,Montgomery,16,6,120,40,33,68,21,78
8/4/2020,Austin,0,0,1,0,0,0,0,2
8/4/2020,Brazoria,14,0,33,21,10,19,1,22
8/4/2020,Chambers,0,0,0,0,0,0,0,3
8/4/2020,Fort Bend,26,4,88,42,28,50,8,64
8/4/2020,Galveston,3,0,111,49,35,61,4,69
8/4/2020,Harris,213,17,993,582,459,833,35,623
8/4/2020,Liberty,0,0,0,0,0,0,0,3
8/4/2020,Montgomery,25,8,108,42,35,69,17,81
8/5/2020,Austin,1,0,0,0,0,0,0,0
8/5/2020,Brazoria,19,0,26,16,9,18,5,22
8/5/2020,Chambers,1,0,1,0,0,0,0,3
8/5/2020,Fort Bend,21,3,73,38,31,36,7,65
8/5/2020,Galveston,9,5,115,58,34,57,3,69
8/5/2020,Harris,216,23,946,551,434,778,30,611
8/5/2020,Liberty,0,0,0,0,0,0,0,3
8/5/2020,Montgomery,20,0,112,42,33,76,17,238
8/6/2020,Brazoria,15,2,29,13,8,18,0,19
8/6/2020,Chambers,0,0,1,0,0,0,0,3
8/6/2020,Fort Bend,16,0,64,43,33,50,19,64
8/6/2020,Galveston,3,0,108,54,37,57,1,32
8/6/2020,Harris,233,37,948,511,404,757,39,718
8/6/2020,Liberty,0,0,0,0,0,0,0,3
8/6/2020,Montgomery,19,4,109,41,33,61,20,87
8/7/2020,Brazoria,7,0,24,14,8,15,0,23
8/7/2020,Chambers,0,0,1,0,0,0,0,3
8/7/2020,Fort Bend,24,3,74,42,28,42,24,73
8/7/2020,Galveston,8,1,97,53,37,58,1,31
8/7/2020,Harris,255,31,937,520,423,752,38,686
8/7/2020,Liberty,0,0,0,0,0,0,0,3
8/7/2020,Montgomery,19,7,94,39,26,47,21,79
8/8/2020,Austin,0,0,0,,0,0,0,0
8/8/2020,Brazoria,2,0,26,18,9,15,0,26
8/8/2020,Chambers,0,0,0,0,0,0,0,0
8/8/2020,Fort Bend,33,4,67,31,27,42,18,69
8/8/2020,Galveston,6,2,85,52,39,52,5,43
8/8/2020,Harris,217,26,850,487,394,764,43,636
8/8/2020,Liberty,0,0,0,0,0,0,0,3
8/8/2020,Montgomery,33,3,86,38,31,56,13,74
8/9/2020,Austin,0,0,0,0,0,0,0,2
8/9/2020,Brazoria,2,0,21,13,7,16,1,27
8/9/2020,Chambers,0,0,0,0,0,0,0,0
8/9/2020,Fort Bend,17,3,66,29,27,54,12,54
8/9/2020,Galveston,4,1,87,47,37,48,3,44
8/9/2020,Harris,155,17,847,480,368,716,48,691
8/9/2020,Liberty,0,0,0,0,0,0,0,3
8/9/2020,Montgomery,13,4,96,41,21,59,14,56
8/10/2020,Austin,0,0,0,0,0,0,0,2
8/10/2020,Brazoria,1,1,27,12,7,19,3,25
8/10/2020,Chambers,0,0,0,0,0,0,0,3
8/10/2020,Fort Bend,18,0,72,28,27,49,16,61
8/10/2020,Galveston,2,1,91,49,36,51,2,77
8/10/2020,Harris,168,24,785,439,352,726,63,731
8/10/2020,Liberty,0,0,0,0,0,0,0,3
8/10/2020,Montgomery,12,5,93,40,21,65,29,63
8/11/2020,Brazoria,2,4,23,16,7,15,3,27
8/11/2020,Chambers,0,0,0,0,0,0,0,3
8/11/2020,Fort Bend,18,1,62,24,22,42,26,88
8/11/2020,Galveston,1,2,90,50,37,51,3,80
8/11/2020,Harris,210,23,752,479,343,736,66,723
8/11/2020,Liberty,0,0,0,0,0,0,0,3
8/11/2020,Montgomery,29,3,83,38,18,61,30,86
8/12/2020,Austin,0,0,0,0,0,0,0,2
8/12/2020,Brazoria,7,0,23,12,7,13,0,22
8/12/2020,Chambers,0,0,0,0,0,0,0,3
8/12/2020,Fort Bend,18,1,58,36,26,42,19,73
8/12/2020,Galveston,1,1,78,49,32,51,3,81
8/12/2020,Harris,198,21,773,484,342,703,63,703
8/12/2020,Liberty,0,0,0,0,0,0,0,3
8/12/2020,Montgomery,19,2,87,32,21,67,17,76
8/13/2020,Austin,0,0,0,0,0,0,0,0
8/13/2020,Brazoria,10,2,21,18,7,15,2,25
8/13/2020,Chambers,0,0,0,0,0,0,0,3
8/13/2020,Fort Bend,18,3,52,33,25,30,15,50
8/13/2020,Galveston,5,0,79,48,32,48,3,84
8/13/2020,Harris,204,23,747,460,341,690,68,708
8/13/2020,Liberty,0,0,1,0,0,0,0,3
8/13/2020,Montgomery,13,1,61,30,33,58,4,67
8/14/2020,Austin,0,0,0,0,0,0,0,0
8/14/2020,Brazoria,3,1,31,19,7,11,2,28
8/14/2020,Chambers,0,0,0,0,0,0,0,3
8/14/2020,Fort Bend,27,3,62,25,22,47,12,70
8/14/2020,Galveston,3,1,76,44,30,40,6,84
8/14/2020,Harris,209,35,707,456,353,699,81,772
8/14/2020,Liberty,0,0,0,0,0,0,0,3
8/14/2020,Montgomery,22,1,65,34,20,61,14,80
8/15/2020,Austin,1,0,1,0,0,0,0,2
8/15/2020,Brazoria,0,0,21,22,5,12,3,27
8/15/2020,Chambers,0,0,0,0,0,0,0,3
8/15/2020,Fort Bend,19,4,48,23,21,40,14,75
8/15/2020,Galveston,6,3,70,41,34,49,5,46
8/15/2020,Harris,191,19,720,420,308,676,83,790
8/15/2020,Liberty,0,0,0,0,0,0,0,3
8/15/2020,Montgomery,16,2,49,34,19,60,19,81
8/16/2020,Austin,0,0,0,0,0,0,0,2
8/16/2020,Brazoria,2,0,36,14,6,12,2,28
8/16/2020,Chambers,0,0,0,0,0,0,0,3
8/16/2020,Fort Bend,20,3,52,31,22,41,12,70
8/16/2020,Galveston,2,0,86,37,27,42,6,53
8/16/2020,Harris,119,16,613,414,297,659,56,792
8/16/2020,Liberty,0,0,0,0,0,0,0,3
8/16/2020,Montgomery,10,1,67,37,22,67,21,85
8/17/2020,Austin,0,0,0,0,0,0,0,0
8/17/2020,Brazoria,4,1,37,13,6,11,3,27
8/17/2020,Chambers,0,0,0,0,0,0,0,3
8/17/2020,Fort Bend,18,3,55,34,22,43,16,69
8/17/2020,Galveston,7,4,86,39,30,43,6,82
8/17/2020,Harris,142,17,681,424,320,664,58,790
8/17/2020,Liberty,0,0,0,0,0,0,0,3
8/17/2020,Montgomery,16,2,69,36,20,55,16,86
8/18/2020,Austin,0,0,1,0,0,0,0,2
8/18/2020,Brazoria,4,1,27,15,5,13,6,28
8/18/2020,Chambers,0,0,0,0,0,0,0,3
8/18/2020,Fort Bend,24,2,57,29,23,41,17,80
8/18/2020,Galveston,3,1,79,38,29,46,11,79
8/18/2020,Harris,190,21,671,415,282,648,70,749
8/18/2020,Liberty,0,0,0,0,0,0,0,3
8/18/2020,Montgomery,14,3,62,36,23,60,11,87
8/19/2020,Austin,1,0,0,0,0,0,0,2
8/19/2020,Brazoria,9,0,27,12,4,14,4,25
8/19/2020,Chambers,0,0,0,0,0,0,0,3
8/19/2020,Fort Bend,13,1,46,23,20,41,25,67
8/19/2020,Galveston,3,0,69,38,26,38,7,87
8/19/2020,Harris,145,22,594,350,278,667,58,768
8/19/2020,Liberty,0,0,0,0,0,0,0,3
8/19/2020,Montgomery,7,4,55,34,24,69,12,42
8/20/2020,Brazoria,6,0,31,15,6,13,1,19
8/20/2020,Chambers,0,0,0,0,0,0,0,3
8/20/2020,Fort Bend,16,0,39,18,15,36,21,57
8/20/2020,Galveston,4,3,66,38,23,39,10,56
8/20/2020,Harris,159,28,580,348,272,673,72,782
8/20/2020,Liberty,0,0,0,0,0,0,0,3
8/20/2020,Montgomery,24,7,53,33,25,73,12,68
8/21/2020,Austin,0,0,0,0,0,0,0,0
8/21/2020,Brazoria,1,0,32,12,4,12,3,27
8/21/2020,Chambers,0,0,0,0,0,0,0,3
8/21/2020,Fort Bend,15,3,31,20,16,39,22,79
8/21/2020,Galveston,7,0,65,35,22,37,10,58
8/21/2020,Harris,173,24,561,352,262,676,68,746
8/21/2020,Liberty,0,0,1,0,0,0,0,3
8/21/2020,Montgomery,14,3,59,21,26,67,10,53
8/22/2020,Austin,0,0,0,0,0,0,0,2
8/22/2020,Brazoria,0,0,18,17,2,9,3,29
8/22/2020,Chambers,0,0,0,0,0,0,0,3
8/22/2020,Fort Bend,16,2,32,18,16,37,33,72
8/22/2020,Galveston,2,3,79,30,20,35,8,60
8/22/2020,Harris,165,23,532,338,240,657,95,720
8/22/2020,Liberty,0,0,1,0,0,0,0,3
8/22/2020,Montgomery,21,0,52,30,22,56,19,53
8/23/2020,Austin,0,0,0,0,0,0,0,0
8/23/2020,Brazoria,2,6,19,9,3,8,5,30
8/23/2020,Chambers,0,0,0,0,0,0,0,3
8/23/2020,Fort Bend,15,5,32,20,17,39,25,75
8/23/2020,Galveston,3,1,67,15,20,38,7,82
8/23/2020,Harris,149,6,537,308,232,606,89,771
8/23/2020,Liberty,0,0,0,0,0,0,0,3
8/23/2020,Montgomery,14,2,55,30,22,67,31,73
8/24/2020,Brazoria,1,1,20,11,1,6,5,32
8/24/2020,Chambers,0,0,0,0,0,0,0,3
8/24/2020,Fort Bend,14,2,40,18,15,37,26,76
8/24/2020,Galveston,1,0,51,19,18,35,12,81
8/24/2020,Harris,156,28,495,290,237,649,87,781
8/24/2020,Liberty,0,0,0,0,0,0,0,3
8/24/2020,Montgomery,16,5,59,28,21,61,21,76
8/25/2020,Austin,0,0,1,0,0,0,0,2
8/25/2020,Brazoria,0,0,13,15,4,9,4,30
8/25/2020,Chambers,0,0,0,0,0,0,0,3
8/25/2020,Fort Bend,16,3,43,18,16,41,19,65
8/25/2020,Galveston,2,0,59,31,16,29,9,84
8/25/2020,Harris,176,17,523,294,246,625,55,783
8/25/2020,Liberty,0,,0,0,0,0,0,3
8/25/2020,Montgomery,20,2,57,29,22,67,16,82
8/26/2020,Austin,0,0,0,0,0,0,0,0
8/26/2020,Brazoria,1,0,9,14,6,7,2,32
8/26/2020,Chambers,0,0,0,0,0,0,0,3
8/26/2020,Fort Bend,16,2,40,19,18,44,17,68
8/26/2020,Galveston,3,3,52,17,6,17,11,72
8/26/2020,Harris,157,17,454,261,229,670,79,776
8/26/2020,Liberty,0,0,1,0,0,0,0,3
8/26/2020,Montgomery,16,3,47,30,23,59,11,80
8/27/2020,Austin,0,0,0,0,0,0,0,2
8/27/2020,Brazoria,2,1,8,11,6,8,9,28
8/27/2020,Chambers,0,0,0,0,0,0,0,3
8/27/2020,Fort Bend,10,2,40,18,4,49,12,62
8/27/2020,Galveston,0,0,62,15,10,24,20,71
8/27/2020,Harris,140,19,442,297,248,631,87,746
8/27/2020,Liberty,0,0,0,0,0,0,0,3
8/27/2020,Montgomery,16,4,42,30,24,67,19,86
8/28/2020,Brazoria,7,1,12,12,4,5,5,35
8/28/2020,Chambers,0,0,0,0,0,0,0,3
8/28/2020,Fort Bend,17,2,37,19,16,51,20,60
8/28/2020,Galveston,0,1,59,21,12,24,11,71
8/28/2020,Harris,160,19,423,263,229,648,136,805
8/28/2020,Liberty,0,0,0,0,0,0,0,3
8/28/2020,Montgomery,7,3,43,31,24,65,12,86
8/29/2020,Austin,0,0,0,0,0,0,0,0
8/29/2020,Brazoria,7,0,14,11,2,5,8,32
8/29/2020,Chambers,0,0,0,0,0,0,0,3
8/29/2020,Fort Bend,13,0,36,18,16,35,7,34
8/29/2020,Galveston,0,1,49,19,13,22,5,89
8/29/2020,Harris,146,15,371,257,212,580,109,790
8/29/2020,Liberty,0,0,0,0,0,0,0,3
8/29/2020,Montgomery,11,2,36,25,17,71,17,86
8/30/2020,Brazoria,1,1,12,12,2,13,6,24
8/30/2020,Chambers,0,0,0,0,0,0,0,3
8/30/2020,Fort Bend,11,1,33,16,17,54,11,59
8/30/2020,Galveston,2,1,53,18,12,24,5,90
8/30/2020,Harris,108,12,437,264,203,579,95,747
8/30/2020,Liberty,0,0,0,0,0,0,0,3
8/30/2020,Montgomery,14,3,42,25,17,55,16,95
8/31/2020,Austin,0,0,0,0,0,0,0,0
8/31/2020,Brazoria,8,0,13,10,3,4,4,31
8/31/2020,Chambers,0,0,1,0,0,0,0,3
8/31/2020,Fort Bend,0,0,34,16,18,57,21,55
8/31/2020,Galveston,1,1,51,16,11,25,6,82
8/31/2020,Harris,109,28,436,232,216,589,106,786
8/31/2020,Liberty,0,0,0,0,0,0,0,3
8/31/2020,Montgomery,13,4,44,22,14,60,15,81
9/1/2020,Austin,0,0,0,0,0,0,0,0
9/1/2020,Brazoria,4,1,16,11,5,4,2,36
9/1/2020,Chambers,0,0,1,0,0,0,0,3
9/1/2020,Fort Bend,20,4,32,15,16,58,8,51
9/1/2020,Galveston,1,0,48,22,12,30,11,65
9/1/2020,Harris,205,24,420,255,195,598,70,816
9/1/2020,Liberty,0,0,0,0,0,0,0,3
9/1/2020,Montgomery,9,3,31,19,22,63,11,64
9/2/2020,Austin,0,0,0,0,0,0,0,0
9/2/2020,Brazoria,3,2,14,12,3,5,0,36
9/2/2020,Chambers,0,0,1,0,0,0,0,3
9/2/2020,Fort Bend,19,4,27,14,14,54,5,55
9/2/2020,Galveston,5,4,45,24,10,26,2,69
9/2/2020,Harris,138,23,421,244,195,609,64,838
9/2/2020,Liberty,0,0,0,0,0,0,0,3
9/2/2020,Montgomery,4,3,40,18,11,60,21,64
9/3/2020,Austin,0,0,0,0,0,0,0,2
9/3/2020,Brazoria,2,0,12,7,2,4,2,31
9/3/2020,Chambers,0,0,0,0,0,0,0,3
9/3/2020,Fort Bend,17,4,28,16,15,54,13,52
9/3/2020,Galveston,3,0,53,21,14,30,4,65
9/3/2020,Harris,139,25,367,258,203,541,76,756
9/3/2020,Liberty,0,0,0,0,0,0,0,3
9/3/2020,Montgomery,13,1,34,20,12,64,22,71
9/4/2020,Austin,0,0,0,0,0,0,0,0
9/4/2020,Brazoria,6,1,12,9,3,6,7,34
9/4/2020,Chambers,0,0,0,0,0,0,0,3
9/4/2020,Fort Bend,21,8,21,11,11,52,11,58
9/4/2020,Galveston,1,0,49,22,14,27,2,68
9/4/2020,Harris,160,15,366,244,176,646,54,787
9/4/2020,Liberty,0,0,0,0,0,0,0,3
9/4/2020,Montgomery,5,5,38,20,14,63,23,70
9/5/2020,Brazoria,2,0,12,9,3,8,0,29
9/5/2020,Chambers,0,0,0,0,0,0,0,3
9/5/2020,Fort Bend,25,1,27,9,11,40,24,61
9/5/2020,Galveston,3,2,53,26,13,31,3,90
9/5/2020,Harris,170,19,347,231,172,610,64,766
9/5/2020,Liberty,0,0,0,0,0,0,0,3
9/5/2020,Montgomery,20,5,40,17,13,53,15,68
9/6/2020,Brazoria,1,0,13,8,4,7,2,35
9/6/2020,Chambers,0,0,0,0,0,0,0,3
9/6/2020,Fort Bend,10,4,25,12,10,52,22,59
9/6/2020,Galveston,3,0,57,27,12,31,4,87
9/6/2020,Harris,105,21,310,224,162,595,76,740
9/6/2020,Liberty,0,0,0,0,0,0,0,3
9/6/2020,Montgomery,11,3,31,22,16,56,27,74
9/7/2020,Austin,0,0,0,0,0,0,0,0
9/7/2020,Brazoria,2,0,16,7,2,7,2,35
9/7/2020,Chambers,0,0,0,0,0,0,0,3
9/7/2020,Fort Bend,12,4,27,11,9,53,31,44
9/7/2020,Galveston,1,0,41,23,10,7,2,34
9/7/2020,Harris,117,17,321,210,158,579,99,785
9/7/2020,Liberty,0,0,0,0,0,0,0,3
9/7/2020,Montgomery,24,8,25,20,15,55,28,83
9/8/2020,Austin,0,0,0,0,0,0,0,2
9/8/2020,Brazoria,3,1,17,8,4,8,3,31
9/8/2020,Chambers,0,0,0,0,0,0,0,3
9/8/2020,Fort Bend,13,1,30,7,8,50,13,63
9/8/2020,Galveston,2,0,44,21,9,30,4,90
9/8/2020,Harris,129,21,320,201,158,594,99,838
9/8/2020,Liberty,0,0,0,0,0,,,
9/8/2020,Montgomery,11,4,32,16,15,60,23,85
9/9/2020,Austin,0,0,0,0,0,0,0,0
9/9/2020,Brazoria,1,0,21,7,3,11,4,31
9/9/2020,Chambers,0,0,0,0,0,0,0,3
9/9/2020,Fort Bend,32,1,26,11,8,50,7,63
9/9/2020,Galveston,2,0,45,21,8,32,0,63
9/9/2020,Harris,181,20,301,203,144,635,61,842
9/9/2020,Liberty,0,0,0,0,0,0,0,3
9/9/2020,Montgomery,13,2,33,16,15,53,20,90
9/10/2020,Austin,0,0,0,0,0,0,0,2
9/10/2020,Brazoria,1,0,24,6,5,10,1,31
9/10/2020,Chambers,0,0,0,0,0,0,0,3
9/10/2020,Fort Bend,11,1,35,5,7,50,6,62
9/10/2020,Galveston,2,1,28,18,6,34,6,41
9/10/2020,Harris,161,27,334,190,147,602,72,795
9/10/2020,Liberty,0,0,0,0,0,0,0,3
9/10/2020,Montgomery,12,3,30,16,10,53,13,78
9/11/2020,Austin,0,0,0,0,0,0,0,2
9/11/2020,Brazoria,8,0,20,7,3,10,2,32
9/11/2020,Chambers,0,0,0,0,0,0,0,3
9/11/2020,Fort Bend,12,2,26,4,8,45,9,53
9/11/2020,Galveston,1,1,28,15,8,14,15,62
9/11/2020,Harris,164,29,308,193,141,603,84,779
9/11/2020,Liberty,0,0,0,0,0,0,0,3
9/11/2020,Montgomery,27,4,31,15,9,55,13,78
9/12/2020,Austin,0,0,0,0,0,0,0,2
9/12/2020,Brazoria,5,0,20,10,3,10,3,32
9/12/2020,Chambers,0,0,0,0,0,0,0,3
9/12/2020,Fort Bend,20,1,18,6,8,50,20,67
9/12/2020,Galveston,0,1,35,12,5,25,13,70
9/12/2020,Harris,156,26,305,180,141,617,88,805
9/12/2020,Liberty,,,,,,0,0,3
9/12/2020,Montgomery,15,1,31,14,10,35,17,54
9/13/2020,Austin,0,0,0,0,0,0,0,0
9/13/2020,Brazoria,2,1,14,13,2,8,2,33
9/13/2020,Chambers,0,0,0,0,0,0,0,3
9/13/2020,Fort Bend,13,1,20,5,7,48,25,68
9/13/2020,Galveston,4,2,33,18,11,30,8,65
9/13/2020,Harris,114,21,298,174,129,524,104,738
9/13/2020,Liberty,0,0,0,0,0,0,0,3
9/13/2020,Montgomery,10,5,28,11,9,42,19,77
9/14/2020,Austin,0,0,0,0,0,0,0,2
9/14/2020,Brazoria,1,3,17,10,4,7,5,34
9/14/2020,Chambers,0,0,1,0,0,0,0,3
9/14/2020,Fort Bend,8,2,18,9,6,44,15,71
9/14/2020,Galveston,0,0,30,19,13,24,10,71
9/14/2020,Harris,121,16,299,181,132,604,95,790
9/14/2020,Liberty,0,0,0,0,0,0,0,3
9/14/2020,Montgomery,10,6,36,11,8,63,19,66
9/15/2020,Austin,0,0,0,0,0,,,0
9/15/2020,Brazoria,0,2,15,6,3,9,2,28
9/15/2020,Chambers,0,0,0,0,0,0,0,1
9/15/2020,Fort Bend,19,1,19,6,6,27,12,46
9/15/2020,Galveston,0,0,28,20,9,25,13,70
9/15/2020,Harris,153,21,307,169,124,597,82,770
9/15/2020,Liberty,0,0,0,0,0,0,0,3
9/15/2020,Montgomery,20,4,34,12,9,51,13,78
9/16/2020,Austin,0,0,0,0,0,0,0,0
9/16/2020,Brazoria,2,0,17,8,3,5,7,36
9/16/2020,Chambers,1,0,1,0,0,0,0,1
9/16/2020,Fort Bend,11,1,21,6,4,39,32,74
9/16/2020,Galveston,1,0,25,17,9,22,10,91
9/16/2020,Harris,146,26,288,172,113,570,83,830
9/16/2020,Liberty,0,0,0,0,0,0,0,3
9/16/2020,Montgomery,20,4,37,14,11,46,15,84
9/17/2020,Austin,0,0,0,0,0,0,0,0
9/17/2020,Brazoria,1,1,17,7,4,7,4,33
9/17/2020,Chambers,0,0,0,0,0,0,0,1
9/17/2020,Fort Bend,7,1,20,5,6,40,16,73
9/17/2020,Galveston,4,2,25,17,9,22,9,73
9/17/2020,Harris,106,15,282,156,108,560,63,829
9/17/2020,Liberty,0,0,0,0,0,0,0,3
9/17/2020,Montgomery,17,4,37,14,9,36,15,67
9/18/2020,Austin,0,0,0,0,0,0,0,0
9/18/2020,Brazoria,0,1,11,7,5,7,2,33
9/18/2020,Chambers,1,0,0,0,0,0,0,3
9/18/2020,Fort Bend,10,0,17,4,6,44,22,72
9/18/2020,Galveston,3,2,32,14,8,25,10,70
9/18/2020,Harris,99,20,281,166,115,575,73,914
9/18/2020,Liberty,0,0,0,0,0,0,0,3
9/18/2020,Montgomery,22,1,37,13,8,48,21,80
9/19/2020,Austin,0,0,0,0,0,0,0,0
9/19/2020,Brazoria,2,1,11,8,1,7,2,34
9/19/2020,Chambers,0,0,0,0,0,0,0,0
9/19/2020,Fort Bend,11,2,14,6,6,44,26,71
9/19/2020,Galveston,4,0,31,16,8,27,7,68
9/19/2020,Harris,112,16,266,155,107,494,68,812
9/19/2020,Liberty,0,0,0,0,0,0,0,3
9/19/2020,Montgomery,24,3,33,14,9,45,30,92
9/20/2020,Austin,0,0,0,0,0,0,0,0
9/20/2020,Brazoria,0,0,9,10,3,5,5,35
9/20/2020,Chambers,0,0,0,0,0,0,0,0
9/20/2020,Fort Bend,10,0,14,6,6,43,15,71
9/20/2020,Galveston,0,1,36,16,8,27,9,68
9/20/2020,Harris,100,20,245,150,106,542,78,845
9/20/2020,Liberty,0,0,0,0,0,0,0,3
9/20/2020,Montgomery,10,4,27,13,9,37,49,93
9/21/2020,Austin,0,0,0,0,0,0,0,2
9/21/2020,Brazoria,1,1,12,8,4,6,2,35
9/21/2020,Chambers,2,0,0,0,0,0,0,1
9/21/2020,Fort Bend,9,1,19,6,5,44,22,68
9/21/2020,Galveston,0,0,28,18,7,22,6,73
9/21/2020,Harris,89,15,267,152,93,636,135,842
9/21/2020,Liberty,0,0,0,0,0,0,0,3
9/21/2020,Montgomery,11,3,28,11,9,47,24,83
9/22/2020,Austin,0,0,0,0,0,0,0,2
9/22/2020,Brazoria,1,0,10,8,5,7,2,28
9/22/2020,Chambers,0,0,1,0,0,0,0,1
9/22/2020,Fort Bend,10,2,19,5,5,48,19,65
9/22/2020,Galveston,3,1,30,13,6,28,10,89
9/22/2020,Harris,133,20,276,150,98,580,89,886
9/22/2020,Liberty,0,0,0,0,0,0,0,3
9/22/2020,Montgomery,13,2,15,4,3,37,24,72
9/23/2020,Austin,0,0,0,0,0,0,0,0
9/23/2020,Brazoria,1,0,14,6,4,10,0,28
9/23/2020,Chambers,1,0,1,0,0,0,0,1
9/23/2020,Fort Bend,10,5,23,8,5,30,18,43
9/23/2020,Galveston,0,0,24,18,6,29,4,66
9/23/2020,Harris,128,10,267,151,100,566,84,823
9/23/2020,Liberty,0,0,0,0,0,0,0,3
9/23/2020,Montgomery,15,2,25,11,7,42,24,97
9/24/2020,Austin,0,0,0,0,0,0,0,0
9/24/2020,Brazoria,3,2,14,10,5,12,0,28
9/24/2020,Chambers,0,0,1,0,0,1,0,1
9/24/2020,Fort Bend,18,0,17,7,5,45,19,68
9/24/2020,Galveston,1,0,26,12,7,29,2,66
9/24/2020,Harris,103,17,271,147,91,570,88,829
9/24/2020,Liberty,0,0,0,0,0,0,0,3
9/24/2020,Montgomery,12,2,27,10,7,37,40,105
9/25/2020,Austin,0,0,0,0,0,,0,2
9/25/2020,Brazoria,0,3,13,10,4,12,1,29
9/25/2020,Chambers,1,0,1,0,0,1,0,1
9/25/2020,Fort Bend,13,1,19,7,5,44,19,68
9/25/2020,Galveston,1,1,30,12,7,28,2,67
9/25/2020,Harris,119,16,249,153,102,589,98,812
9/25/2020,Liberty,0,0,0,0,0,0,0,3
9/25/2020,Montgomery,12,3,34,12,6,33,29,95
9/26/2020,Austin,0,0,0,0,0,0,0,0
9/26/2020,Brazoria,8,0,5,10,5,12,3,28
9/26/2020,Chambers,1,0,2,0,0,1,0,1
9/26/2020,Fort Bend,29,2,15,5,3,45,32,71
9/26/2020,Galveston,1,1,26,10,7,28,6,67
9/26/2020,Harris,139,24,237,144,92,529,108,868
9/26/2020,Liberty,0,0,0,0,0,0,0,3
9/26/2020,Montgomery,14,3,29,11,6,29,40,81
9/27/2020,Austin,0,0,0,0,0,0,0,0
9/27/2020,Brazoria,3,1,8,11,6,6,1,19
9/27/2020,Chambers,0,0,2,0,0,1,0,1
9/27/2020,Fort Bend,11,1,14,5,3,42,34,73
9/27/2020,Galveston,0,0,16,12,7,28,5,89
9/27/2020,Harris,97,20,235,150,103,552,100,866
9/27/2020,Liberty,0,0,0,0,0,0,0,3
9/27/2020,Montgomery,13,5,29,13,6,39,32,99
9/28/2020,Austin,0,0,0,0,0,0,0,0
9/28/2020,Brazoria,3,0,8,11,6,15,1,23
9/28/2020,Chambers,0,0,1,0,0,1,0,1
9/28/2020,Fort Bend,6,0,19,5,3,29,22,69
9/28/2020,Galveston,0,0,17,10,5,25,8,70
9/28/2020,Harris,94,14,246,145,86,530,125,868
9/28/2020,Liberty,0,0,0,0,0,0,0,3
9/28/2020,Montgomery,11,2,32,15,5,32,25,106
9/29/2020,Austin,0,0,0,0,0,0,0,2
9/29/2020,Brazoria,6,1,7,8,5,15,0,23
9/29/2020,Chambers,1,0,1,0,0,1,0,1
9/29/2020,Fort Bend,5,3,17,8,4,43,17,69
9/29/2020,Galveston,2,0,18,13,8,26,11,89
9/29/2020,Harris,66,14,259,143,81,509,91,835
9/29/2020,Liberty,0,0,1,0,0,0,0,3
9/29/2020,Montgomery,8,1,30,14,7,48,19,85
9/30/2020,Austin,1,0,0,0,0,0,0,0
9/30/2020,Brazoria,4,0,8,8,5,14,0,26
9/30/2020,Chambers,0,0,0,0,0,0,0,1
9/30/2020,Fort Bend,2,2,15,9,4,40,19,72
9/30/2020,Galveston,0,2,17,17,9,29,4,70
9/30/2020,Harris,62,12,253,137,87,492,107,817
9/30/2020,Liberty,0,0,1,0,0,0,0,3
9/30/2020,Montgomery,10,3,30,11,8,35,19,106
